SNR_dB,BER_BPSK,BER_QPSK
0,0.15989,0.16066
2,0.10332,0.10489
4,0.0576,0.05583
6,0.02298,0.02341
8,0.00578,0.00647
10,0.00087,0.00077
