SNR_dB,BER_BPSK,BER_QPSK
0,0.15898,0.15839
2,0.10495,0.10605
4,0.05691,0.05661
6,0.02272,0.02355
8,0.00628,0.00597
10,0.00067,0.00091
