SNR_dB,BER_BPSK,BER_QPSK
0,0.15777,0.15656
2,0.10378,0.1049
4,0.05743,0.05746
6,0.02224,0.02202
8,0.00603,0.0061
10,0.00088,0.00076
